{
	"class_name" : "PinholeCameraParameters",
	"extrinsic" : 
	[
		0.98559575958684709,
		-0.11568132079766991,
		-0.12336462500624965,
		0.0,
		-0.1232762237792132,
		-0.99080263282059289,
		-0.055795299502009947,
		0.0,
		-0.1157755213124232,
		0.070199535712768282,
		-0.99079162988518854,
		0.0,
		1.0910130650408831,
		2.2132345751761848,
		92.897951590255985,
		1.0
	],
	"intrinsic" : 
	{
		"height" : 1016,
		"intrinsic_matrix" : 
		[
			879.88181024498977,
			0.0,
			0.0,
			0.0,
			879.88181024498977,
			0.0,
			924.5,
			507.5,
			1.0
		],
		"width" : 1850
	},
	"version_major" : 1,
	"version_minor" : 0
}