{
	"class_name" : "PinholeCameraParameters",
	"extrinsic" : 
	[
		0.89440242346194576,
		-0.40204794706401747,
		-0.19596365266805818,
		0.0,
		0.1478286471728715,
		-0.14778428365741272,
		0.97790924761907438,
		0.0,
		-0.42212675345260581,
		-0.90361344266532162,
		-0.0727444173396736,
		0.0,
		0.75427638968422706,
		6.0056655799047274,
		95.338623718187165,
		1.0
	],
	"intrinsic" : 
	{
		"height" : 1016,
		"intrinsic_matrix" : 
		[
			879.88181024498977,
			0.0,
			0.0,
			0.0,
			879.88181024498977,
			0.0,
			924.5,
			507.5,
			1.0
		],
		"width" : 1850
	},
	"version_major" : 1,
	"version_minor" : 0
}